contact_id,company_id,name,job_role,email,phone
CT_620c3ae9,C_6d2dcfc1,Stephanie Harris,Operations Lead,teresa77@stewart-sullivan.net,(869)026-6265x71054
CT_61ba9f31,C_125de76d,Olivia Kennedy,Logistics Manager,julia76@williams.com,001-931-263-3686
CT_db421b23,C_559ddd08,Kristina Hernandez,Customs Broker,rdean@walker.com,001-231-527-1722x017
CT_3c35930b,C_fd3ef05d,Jennifer Crawford,Exporter,ivan25@gallagher.com,+1-154-715-4816x45835
CT_775ed039,C_0ff30083,Brent Gibson,Logistics Manager,bobbycontreras@anderson.com,408-502-5719
CT_5fc4858c,C_4ba607c0,Ronald Garcia,Logistics Manager,zbrown@lambert.com,736.280.9880x8140
CT_89c38a99,C_7d770981,David Arias,Operations Lead,vgonzalez@fitzgerald.org,(343)642-3881x56868
CT_2ee2f7bc,C_650c03c2,Justin Brown,Customs Broker,sharonprice@juarez.org,(354)952-8008x1985
CT_4948cf9e,C_18ff2a8c,Jennifer Cantu,Operations Lead,mwells@atkins.info,001-397-473-7108x71295
CT_7f7c3d02,C_d4b01c27,Brittany Shepard,Operations Lead,nathanielneal@patel-stevens.com,(806)140-7648
CT_5d7e9056,C_f0e05a49,Daniel Morris,Exporter,tjarvis@stewart.com,404-773-0147
CT_13e8c8d6,C_e247b738,Cheryl Holmes,Exporter,racheldunlap@phillips.com,228-517-6812
CT_d49ec08b,C_1d912f7f,Mary Mitchell,Customs Broker,michelle65@lowe-cook.net,753.311.3340
CT_873fd204,C_9ea7b519,Melissa Clarke,Operations Lead,theresaharrington@harding.net,682-352-8396
CT_2954d559,C_7482d5a7,Tony Grimes,Logistics Manager,rebeccamurphy@livingston.biz,224.321.2910
CT_c406493f,C_1395ed2b,Timothy Garcia,Operations Lead,gallaghertanya@nichols.com,(806)908-7125x190
CT_79f79ddb,C_39fd1585,Marie Cervantes,Exporter,jamie77@berry.com,+1-163-917-6758x138
CT_c12deb0c,C_e414a9e8,Colin Henderson,Operations Lead,johnsonstacey@hall.com,+1-701-247-3082
CT_0b7dc162,C_ebb7b566,Wendy Monroe,Logistics Manager,omills@elliott.com,(507)588-5830
CT_10e93b61,C_de904cdf,Kevin Chan,Exporter,rebecca35@doyle.com,001-274-818-5560
CT_59912db5,C_7c05c575,John Brady,Logistics Manager,andrea44@fleming.com,(601)401-6218x805
CT_19e1b9ce,C_dbf0b347,Tiffany Powell,Operations Lead,fmcclure@williams.biz,793.297.7238x85243
CT_7f1cefbd,C_0075927e,Kirsten Campos,Operations Lead,frankwiley@marsh-walker.com,765.400.0397
CT_f4a7a954,C_f38ee071,Joseph White,Logistics Manager,icollins@rivera.biz,941.642.0575x7641
CT_c2686073,C_490048d6,Haley Thompson,Operations Lead,brucearmstrong@reed-murray.biz,9280551023
CT_11b64f61,C_71c44c4f,Patrick Harrell,Operations Lead,andersonjoe@gonzalez.com,220-775-6310x43908
CT_3d3a7fd5,C_f79a3764,Wendy Castillo,Operations Lead,mckenziethomas@washington-henderson.com,697.448.1521x455
CT_c3112397,C_e2a7553d,Mary Baker,Operations Lead,jessicaday@lane-jones.net,001-587-326-3851x30895
CT_11871304,C_acaf9e43,Debbie Gordon,Exporter,jacobgarcia@buckley.org,+1-416-226-1010x95418
CT_5f51dad6,C_e469da21,Karen Miller,Customs Broker,robert81@briggs.com,(823)155-5961
CT_9509564f,C_6bf866f1,Alexander Ponce,Customs Broker,xdiaz@martin-roberts.com,001-923-706-5891
CT_15c9141a,C_5f6f28e1,Kenneth Washington,Exporter,johnsontara@anderson.com,755-147-0744x07179
CT_4c058823,C_3a72ae54,Nancy Martinez,Operations Lead,jonathangregory@ward.com,400.541.2204
CT_e8590cb0,C_23828e86,Jack Hurley,Logistics Manager,castroheather@james.com,+1-012-245-5821
CT_addc53fa,C_fe5a3f75,Walter Wood,Customs Broker,adam73@webb-webster.info,001-639-449-8015x006
CT_273f4eaf,C_e6a3830a,Melissa Davis,Operations Lead,benjaminlee@garrison.net,+1-005-177-3358x6242
CT_44cda1e6,C_7601e064,Tina Hopkins,Logistics Manager,wvelez@smith-howard.com,409.005.7716x42796
CT_d702149e,C_70fe7f84,Caroline Rodriguez,Operations Lead,lindastone@gutierrez-bennett.com,381.208.8745x3816
CT_b01c9391,C_b1d2df09,Natalie Ramirez,Exporter,rmorris@fitzgerald-baldwin.com,(974)607-5006
CT_735dd131,C_02e36aa6,Brian Ritter,Logistics Manager,yrodgers@rose-jacobson.com,(126)771-1404
CT_3fd0ae05,C_f96a7659,Anthony Vega,Logistics Manager,icharles@alexander-reilly.net,(064)742-5281x789
CT_e89cddcf,C_f70e32be,Thomas Lewis,Customs Broker,kfry@phillips.com,001-709-916-0871x97903
CT_c2f1685d,C_1ee9f10c,Monica Kline,Operations Lead,kristy07@morrison.net,001-053-766-8330x566
CT_7cf4a9b7,C_54f4efbb,Ann Fowler,Logistics Manager,karenphillips@martinez.com,(161)441-6842x924
CT_23e6cb11,C_02ede442,John Serrano,Operations Lead,kwallace@berry.info,001-567-299-2636
CT_c74a2f91,C_81563916,Kathleen Pena,Operations Lead,qwalter@rojas-flowers.com,+1-415-199-4242x54746
CT_180238dd,C_2fdb61b3,Barbara Stanley,Operations Lead,timothymcdonald@thompson-williams.org,(265)205-1940
CT_22deb63c,C_7044c287,Brandon Khan,Operations Lead,sanderssamantha@lee.biz,001-057-939-7873x122
CT_6b969dc6,C_ac2e4abd,Rachel Bailey,Customs Broker,david02@barnes-johnson.org,213.506.8094
CT_321a5954,C_a0bb9c48,Mark Bailey,Customs Broker,aaron84@fuentes-beard.biz,768-934-0284x1737
